{
  "wasm": {
    "cold_start_ms": 101.88166704028845,
    "warm_all_ms": [
      97.66449988819659,
      97.79666597023606,
      96.46412497386336,
      96.21379198506474,
      94.13912519812584,
      92.73508400656283,
      96.21729096397758,
      95.67458415403962,
      93.64345809444785,
      96.11608390696347
    ],
    "warm_p50": 96.11608390696347,
    "warm_p95": 98.46293646842241,
    "concurrent_ms": [
      95.28145799413323,
      95.25958402082324,
      96.18954197503626,
      94.96850008144975,
      93.72395905666053
    ],
    "concurrent_p50": 95.25958402082324
  }
}